							
1	2101	ゆめちゃん		岩手	陸前中田	3	32021092550126;;Q1 次を微分せよ．;;[1]y=x^2-4x, y'=8;;[2]y=sin(3x), y'=x;;Q2 F(x)=int(,,f(x),x)とするとき;;F'(x)=;;Q3 次の不定積分を求めよ．;;[1]int(,,x^3,x)=;;[2]int(,,e^x,x)=
2	2102	ゆるナキン	ゆるなきん	大阪	泉佐野	4	42021092550126;;Q1 次を微分せよ．;;[1]y=x^2-4x, y'=8;;[2]y=sin(3x), y'=x;;Q2 F(x)=int(,,f(x),x)とするとき;;F'(x)=;;Q3 次の不定積分を求めよ．;;[1]int(,,x^3,x)=;;[2]int(,,e^x,x)=
3	2103	つるゴン	つるごん	埼玉	鶴ヶ島		
4	2104	安田朗	あんたろう	高知	安田		
5	2105	とよのん		大阪	豊能		
